<?xml version="1.0" encoding="UTF-8"?>
<project-private xmlns="http://www.netbeans.org/ns/project-private/1">
    <editor-bookmarks xmlns="http://www.netbeans.org/ns/editor-bookmarks/2" lastBookmarkId="0"/>
    <open-files xmlns="http://www.netbeans.org/ns/projectui-open-files/2">
        <group>
            <file>file:/C:/Users/Bencardino%20Perdomo/Documents/NetBeansProjects/ProblemasKarel/src/Ejercicio6/Main.java</file>
            <file>file:/C:/Users/Bencardino%20Perdomo/Documents/NetBeansProjects/ProblemasKarel/src/Ejercicio6/Oganizador.java</file>
            <file>file:/C:/Users/Bencardino%20Perdomo/Documents/NetBeansProjects/ProblemasKarel/src/Ejercicio6/Columna.java</file>
        </group>
    </open-files>
</project-private>
